0;0;0;0;land;true;unknown;0
1;148;48;45;sea;false;ocean;1
2;234;124;168;sea;false;ocean;1
3;176;117;236;sea;false;ocean;1
4;90;135;116;sea;false;ocean;1
5;155;77;201;sea;false;ocean;1
6;39;87;105;sea;false;ocean;1
7;77;132;18;sea;false;ocean;1
8;175;108;71;sea;false;ocean;1
9;34;36;144;sea;false;ocean;1
10;13;254;211;sea;false;ocean;1
11;6;191;166;sea;false;ocean;1
12;225;246;124;sea;false;ocean;1
13;126;240;78;sea;false;ocean;1
14;61;103;32;sea;false;ocean;1
15;143;207;84;sea;false;ocean;1
16;28;151;210;sea;false;ocean;1
17;118;139;32;sea;false;ocean;1
18;224;194;46;sea;false;ocean;1
19;102;226;178;sea;false;ocean;1
20;189;172;32;sea;false;ocean;1
21;119;139;108;sea;false;ocean;1
22;71;143;118;sea;false;ocean;1
23;244;212;220;sea;false;ocean;1
24;167;178;225;sea;false;ocean;1
25;199;104;108;sea;false;ocean;1
26;23;69;84;sea;false;ocean;1
27;124;154;130;sea;false;ocean;1
28;74;95;87;sea;false;ocean;1
29;207;218;181;sea;false;ocean;1
30;243;185;66;sea;false;ocean;1
31;3;167;240;sea;false;ocean;1
32;27;106;75;sea;false;ocean;1
33;161;187;41;sea;false;ocean;1
34;216;60;130;sea;false;ocean;1
35;91;181;217;sea;false;ocean;1
36;15;6;119;sea;false;ocean;1
37;61;197;75;sea;false;ocean;1
38;40;145;198;sea;false;ocean;1
39;67;101;36;sea;false;ocean;1
40;107;166;172;sea;false;ocean;1
41;109;228;45;sea;false;ocean;1
42;123;214;226;sea;false;ocean;1
43;84;234;172;sea;false;ocean;1
44;8;33;37;sea;false;ocean;1
45;127;11;210;sea;false;ocean;1
46;171;159;73;sea;false;ocean;1
47;249;1;115;sea;false;ocean;1
48;227;50;237;sea;false;ocean;1
49;129;190;171;sea;false;ocean;1
50;58;202;228;sea;false;ocean;1
51;145;23;42;sea;false;ocean;1
52;32;179;29;sea;false;ocean;1
53;122;8;90;sea;false;ocean;1
54;74;164;18;sea;false;ocean;1
55;150;28;175;sea;false;ocean;1
56;45;243;180;sea;false;ocean;1
57;142;33;244;sea;false;ocean;1
58;3;9;219;sea;false;ocean;1
59;146;62;44;sea;false;ocean;1
60;221;191;199;sea;false;ocean;1
61;161;12;151;sea;false;ocean;1
62;243;249;135;sea;false;ocean;1
63;154;152;227;sea;false;ocean;1
64;116;235;139;sea;false;ocean;1
65;115;92;223;land;true;plains;1
66;158;157;172;land;true;plains;1
67;29;173;117;land;true;plains;1
68;129;140;57;land;true;plains;1
69;119;9;136;land;true;plains;1
70;217;154;159;land;true;plains;1
71;227;214;219;land;true;plains;1
72;141;104;133;land;true;plains;1
73;202;238;220;land;true;plains;1
74;123;226;2;sea;false;ocean;1
75;244;218;109;land;true;plains;1
76;13;111;25;land;true;plains;1
77;133;84;58;land;true;plains;1
78;162;172;5;land;true;plains;1
79;225;217;196;sea;false;ocean;1
80;232;234;20;land;true;plains;1
81;162;36;242;land;true;plains;1
82;253;2;85;land;true;plains;1
83;222;167;254;land;true;plains;1
84;167;235;190;sea;false;ocean;1
85;222;135;119;land;true;plains;1
86;148;165;125;land;true;plains;1
87;130;125;120;land;true;plains;1
88;120;185;218;land;true;plains;1
89;214;84;236;sea;false;ocean;1
90;246;169;186;sea;false;ocean;1
91;109;196;75;land;true;plains;1
92;157;215;118;land;false;plains;1
93;213;149;75;land;false;plains;1
94;29;34;95;land;false;plains;1
95;83;232;10;sea;false;ocean;1
96;4;121;158;land;true;plains;1
97;16;72;187;land;true;plains;1
98;197;136;56;land;true;plains;1
99;109;140;212;land;false;plains;1
100;29;105;143;land;true;plains;1
101;54;63;164;land;false;plains;1
102;63;122;128;sea;false;ocean;1
103;128;70;225;sea;false;ocean;1
104;193;9;189;land;true;plains;1
105;109;236;73;land;true;plains;1
106;86;157;160;sea;false;ocean;1
107;242;33;219;land;true;plains;1
108;185;18;214;land;true;plains;1
109;141;12;34;land;false;plains;1
110;98;241;59;sea;false;ocean;1
111;177;62;238;land;true;plains;1
112;68;122;109;land;true;plains;1
113;60;24;146;land;true;plains;1
114;222;32;235;sea;false;ocean;1
115;81;88;42;land;true;plains;1
116;11;21;243;land;true;plains;1
117;59;157;192;land;true;plains;1
118;165;127;111;sea;false;ocean;1
119;46;17;233;land;false;plains;1
120;29;114;235;land;true;plains;1
121;177;71;154;land;true;plains;1
122;185;97;216;land;true;plains;1
123;173;136;103;land;false;plains;1
124;166;113;245;sea;false;ocean;1
125;101;57;19;land;false;plains;1
126;41;56;124;land;true;plains;1
127;77;119;112;sea;false;ocean;1
128;165;235;131;land;true;plains;1
129;255;27;168;land;true;plains;1
130;132;11;63;land;true;plains;1
131;254;102;143;land;true;plains;1
132;129;163;164;land;true;plains;1
133;136;98;130;land;true;plains;1
134;200;205;13;sea;false;ocean;1
135;4;117;189;land;false;plains;1
136;141;111;0;land;false;plains;1
137;175;179;204;land;false;plains;1
138;16;8;248;land;false;plains;1
139;238;84;107;land;false;plains;1
140;55;182;23;land;false;plains;1
141;235;184;44;land;false;plains;1
142;156;92;116;land;false;plains;1
143;56;65;10;land;false;plains;1
144;16;245;17;sea;false;ocean;1
145;18;76;92;land;false;plains;1
146;193;202;221;land;true;plains;1
147;124;123;69;land;false;plains;1
148;173;10;53;land;false;plains;1
149;216;72;45;land;false;plains;1
150;39;148;150;land;false;plains;1
151;172;129;52;land;true;plains;1
152;38;242;8;land;false;plains;1
153;49;245;186;land;false;plains;1
154;166;91;244;land;true;plains;1
155;136;245;249;land;false;plains;1
156;62;172;184;land;false;plains;1
157;224;239;155;land;true;plains;1
158;201;202;171;sea;false;ocean;1
159;168;183;139;land;false;plains;1
160;141;191;198;land;true;plains;1
161;168;177;81;sea;false;ocean;1
162;163;235;132;land;true;plains;1
163;175;120;181;land;false;plains;1
164;90;21;213;land;true;plains;1
165;217;180;207;land;true;plains;1
166;98;72;8;land;true;plains;1
167;48;33;217;land;true;plains;1
168;28;35;20;sea;false;ocean;1
169;46;198;248;land;false;plains;1
170;95;176;83;land;false;plains;1
171;243;189;120;land;false;plains;1
172;193;13;15;land;false;plains;1
173;79;103;210;land;false;plains;1
174;72;42;208;land;true;plains;1
175;103;77;189;land;true;plains;1
176;241;198;253;land;false;plains;1
177;130;136;44;land;false;plains;1
178;193;110;4;land;true;plains;1
179;108;35;213;land;false;plains;1
180;186;223;61;land;true;plains;1
181;101;38;4;land;true;plains;1
182;25;224;92;sea;false;ocean;1
183;207;110;79;land;true;plains;1
184;74;243;209;land;true;plains;1
185;147;145;171;land;false;plains;1
186;218;166;248;land;false;plains;1
187;89;1;115;sea;false;ocean;1
188;241;8;168;sea;false;ocean;1
189;215;217;181;land;false;plains;1
190;97;69;58;land;false;plains;1
191;164;250;13;sea;false;ocean;1
192;74;124;100;land;false;plains;1
193;10;127;92;land;true;plains;1
194;227;187;71;land;false;plains;1
195;60;142;209;land;false;plains;1
196;164;7;107;land;false;plains;1
197;78;44;162;land;true;plains;1
198;80;205;200;sea;false;ocean;1
199;59;122;211;land;true;plains;1
200;25;225;207;land;false;plains;1
201;219;111;79;land;false;plains;1
202;54;100;234;land;false;plains;1
203;190;156;224;land;false;plains;1
204;205;194;21;sea;false;ocean;1
205;140;142;31;land;false;plains;1
206;78;248;12;land;false;plains;1
207;140;54;63;land;false;plains;1
208;99;44;51;land;true;plains;1
209;122;41;13;land;true;plains;1
210;213;234;40;land;false;plains;1
211;251;36;0;land;false;plains;1
212;114;169;70;land;false;plains;1
213;194;93;92;land;true;plains;1
214;164;43;182;land;true;plains;1
215;148;92;57;land;false;plains;1
216;241;158;128;land;true;plains;1
217;31;120;193;land;true;plains;1
218;246;82;136;land;true;plains;1
219;87;232;237;land;false;plains;1
220;240;200;38;land;false;plains;1
221;157;212;4;sea;false;ocean;1
222;132;136;133;land;false;plains;1
223;25;182;136;land;true;plains;1
224;158;199;43;land;true;plains;1
225;122;203;209;sea;false;ocean;1
226;183;216;233;land;true;plains;1
227;103;130;83;land;false;plains;1
228;138;41;186;land;true;plains;1
229;244;1;140;land;true;plains;1
230;1;140;190;land;false;plains;1
231;252;168;202;land;false;plains;1
232;28;165;21;land;true;plains;1
233;255;230;177;land;false;plains;1
234;243;23;80;land;false;plains;1
235;90;108;38;land;true;plains;1
236;139;205;55;land;true;plains;1
237;166;9;186;land;false;plains;1
238;116;116;13;land;true;plains;1
239;47;139;170;land;true;plains;1
240;151;110;151;land;true;plains;1
241;27;228;82;land;false;plains;1
242;144;175;28;land;false;plains;1
243;83;112;67;land;false;plains;1
244;115;67;7;land;true;plains;1
245;47;94;144;land;true;plains;1
246;253;199;44;land;true;plains;1
247;99;75;236;sea;false;ocean;1
248;85;215;113;land;false;plains;1
249;201;253;140;land;false;plains;1
250;27;206;81;sea;false;ocean;1
251;90;151;37;sea;false;ocean;1
252;55;230;78;land;false;plains;1
253;182;237;27;land;true;plains;1
254;252;195;69;land;true;plains;1
255;199;44;188;land;false;plains;1
256;90;190;234;land;false;plains;1
257;201;62;198;land;false;plains;1
258;162;121;37;land;true;plains;1
259;93;133;73;land;false;plains;1
260;62;195;84;land;false;plains;1
261;19;64;244;sea;false;ocean;1
262;43;69;133;land;true;plains;1
263;165;88;224;land;true;plains;1
264;172;138;173;sea;false;ocean;1
265;171;216;30;sea;false;ocean;1
266;38;154;95;land;true;plains;1
267;84;105;217;land;false;plains;1
268;72;7;196;land;true;plains;1
269;198;22;167;land;false;plains;1
270;109;168;79;land;true;plains;1
271;163;204;120;sea;false;ocean;1
272;83;190;71;land;false;plains;1
273;212;120;241;land;false;plains;1
274;42;50;237;land;false;plains;1
275;61;37;163;land;true;plains;1
276;40;153;37;land;true;plains;1
277;15;78;91;land;false;plains;1
278;71;193;38;land;false;plains;1
279;20;234;56;land;false;plains;1
280;231;54;80;land;false;plains;1
281;74;13;238;land;true;plains;1
282;6;80;135;land;false;plains;1
283;240;63;121;sea;false;ocean;1
284;9;194;194;land;true;plains;1
285;156;248;58;land;false;plains;1
286;54;122;227;land;false;plains;1
287;170;39;29;land;false;plains;1
288;36;169;158;land;true;plains;1
289;221;201;218;sea;false;ocean;1
290;234;153;26;sea;false;ocean;1
291;166;70;112;land;true;plains;1
292;143;252;213;land;true;plains;1
293;191;185;237;land;false;plains;1
294;109;47;41;land;false;plains;1
295;196;146;193;land;false;plains;1
296;224;205;246;land;false;plains;1
297;112;29;251;land;false;plains;1
298;13;150;188;sea;false;ocean;1
299;249;133;11;land;false;plains;1
300;136;26;130;land;false;plains;1
301;203;155;133;land;false;plains;1
302;145;109;200;land;false;plains;1
303;19;142;189;land;true;plains;1
304;245;138;168;land;false;plains;1
305;240;41;187;land;false;plains;1
306;159;76;226;land;false;plains;1
307;227;122;168;sea;false;ocean;1
308;36;203;148;land;true;plains;1
309;242;186;166;land;false;plains;1
310;94;80;118;land;false;plains;1
311;183;198;95;land;false;plains;1
312;47;69;250;land;false;plains;1
313;213;128;253;land;true;plains;1
314;11;214;54;land;true;plains;1
315;93;107;174;land;false;plains;1
316;244;106;31;land;false;plains;1
317;64;126;176;land;false;plains;1
318;45;222;237;land;true;plains;1
319;89;191;52;land;false;plains;1
320;123;245;51;land;true;plains;1
321;227;120;31;land;false;plains;1
322;28;182;58;land;false;plains;1
323;236;132;200;land;false;plains;1
324;104;162;146;land;true;plains;1
325;129;235;27;land;true;plains;1
326;176;164;106;land;true;plains;1
327;128;95;35;land;true;plains;1
328;192;218;44;land;false;plains;1
329;108;140;142;land;false;plains;1
330;4;12;168;land;false;plains;1
331;182;155;229;land;false;plains;1
332;31;25;147;land;true;plains;1
333;224;77;155;land;false;plains;1
334;11;126;31;land;false;plains;1
335;189;104;170;land;false;plains;1
336;141;243;61;sea;false;ocean;1
337;185;150;241;land;false;plains;1
338;47;125;74;land;false;plains;1
339;101;184;205;land;false;plains;1
340;57;57;168;land;true;plains;1
341;24;232;163;sea;false;ocean;1
342;150;57;88;land;true;plains;1
343;156;148;187;land;false;plains;1
344;115;144;244;land;true;plains;1
345;219;71;61;land;false;plains;1
346;23;247;214;land;false;plains;1
347;17;66;76;land;false;plains;1
348;221;205;97;land;true;plains;1
349;21;226;8;land;false;plains;1
350;47;166;102;land;true;plains;1
351;78;127;199;land;false;plains;1
352;42;128;254;land;false;plains;1
353;62;187;19;sea;false;ocean;1
354;195;18;237;land;false;plains;1
355;118;51;149;land;false;plains;1
356;36;157;27;land;false;plains;1
357;55;179;83;land;true;plains;1
358;166;203;227;land;false;plains;1
359;14;163;57;land;true;plains;1
360;58;253;204;land;false;plains;1
361;112;102;11;land;false;plains;1
362;215;136;222;land;false;plains;1
363;84;173;253;land;false;plains;1
364;151;175;236;land;false;plains;1
365;58;223;254;land;false;plains;1
366;246;180;188;land;true;plains;1
367;230;71;106;land;true;plains;1
368;208;7;111;land;false;plains;1
369;252;248;10;land;true;plains;1
370;6;246;101;land;false;plains;1
371;230;116;252;land;false;plains;1
372;10;129;154;land;false;plains;1
373;177;255;64;land;false;plains;1
374;46;107;207;land;false;plains;1
375;230;65;92;land;true;plains;1
376;76;189;149;land;false;plains;1
377;112;224;168;land;false;plains;1
378;201;173;110;land;true;plains;1
379;53;68;131;land;true;plains;1
380;129;245;109;land;false;plains;1
381;42;243;76;land;true;plains;1
382;118;75;56;land;false;plains;1
383;0;218;108;land;false;plains;1
384;196;21;151;land;false;plains;1
385;13;36;150;land;false;plains;1
386;234;184;172;land;false;plains;1
387;99;74;101;land;false;plains;1
388;157;89;73;land;false;plains;1
389;130;200;31;land;false;plains;1
390;61;216;220;sea;false;ocean;1
391;119;210;66;land;false;plains;1
392;226;153;142;sea;false;ocean;1
393;180;239;131;land;false;plains;1
394;169;139;135;land;false;plains;1
395;102;172;161;land;false;plains;1
396;41;47;152;land;false;plains;1
397;153;25;60;land;false;plains;1
398;86;23;133;land;false;plains;1
399;27;194;123;land;false;plains;1
400;221;246;34;land;false;plains;1
401;133;32;174;land;false;plains;1
402;200;228;182;land;false;plains;1
403;23;98;162;land;true;plains;1
404;161;95;193;sea;false;ocean;1
405;211;137;154;land;false;plains;1
406;65;61;58;land;false;plains;1
407;246;18;198;land;true;plains;1
408;206;60;84;land;true;plains;1
409;232;46;117;land;false;plains;1
410;75;136;131;land;false;plains;1
411;193;106;6;land;true;plains;1
412;73;130;226;land;false;plains;1
413;206;165;232;sea;false;ocean;1
414;13;8;21;land;false;plains;1
415;220;96;55;land;false;plains;1
416;166;194;120;sea;false;ocean;1
417;81;127;215;land;true;plains;1
418;118;132;196;land;false;plains;1
419;53;26;72;land;true;plains;1
420;108;87;89;land;false;plains;1
421;81;15;213;land;false;plains;1
422;60;159;140;land;false;plains;1
423;213;131;121;land;false;plains;1
424;75;128;195;land;false;plains;1
425;105;166;193;sea;false;ocean;1
426;230;26;159;land;false;plains;1
427;104;163;144;land;true;plains;1
428;120;87;143;land;true;plains;1
429;235;74;78;land;false;plains;1
430;137;69;102;sea;false;ocean;1
431;11;26;59;land;false;plains;1
432;51;21;220;land;false;plains;1
433;164;234;45;land;true;plains;1
434;254;183;235;land;false;plains;1
435;49;10;186;land;false;plains;1
436;22;104;47;land;false;plains;1
437;196;196;193;land;true;plains;1
438;202;158;100;land;false;plains;1
439;152;147;14;land;false;plains;1
440;148;217;208;land;false;plains;1
441;173;246;223;land;false;plains;1
442;160;60;68;sea;false;ocean;1
443;50;91;207;land;false;plains;1
444;234;83;40;land;false;plains;1
445;198;106;143;land;false;plains;1
446;140;51;250;land;false;plains;1
447;33;3;150;land;false;plains;1
448;136;191;109;land;false;plains;1
449;125;100;107;sea;false;ocean;1
450;207;89;229;land;false;plains;1
451;11;196;131;land;true;plains;1
452;115;171;29;land;false;plains;1
453;74;114;252;land;false;plains;1
454;148;125;52;land;true;plains;1
455;113;214;206;land;false;plains;1
456;202;90;149;land;false;plains;1
457;58;234;98;land;true;plains;1
458;244;235;164;land;false;plains;1
459;185;230;87;land;false;plains;1
460;4;96;6;land;false;plains;1
461;138;40;122;land;true;plains;1
462;114;33;228;land;false;plains;1
463;219;2;86;land;false;plains;1
464;169;191;161;land;false;plains;1
465;248;73;111;land;false;plains;1
466;158;63;187;land;true;plains;1
467;72;124;137;land;false;plains;1
468;7;87;68;land;false;plains;1
469;172;179;211;land;false;plains;1
470;219;168;131;land;false;plains;1
471;32;52;117;sea;false;ocean;1
472;29;125;140;land;false;plains;1
473;139;56;107;land;false;plains;1
474;250;60;112;land;false;plains;1
475;102;65;64;land;false;plains;1
476;180;0;251;sea;false;ocean;1
477;203;14;127;land;false;plains;1
478;69;9;209;land;false;plains;1
479;185;157;105;sea;false;ocean;1
480;234;169;111;land;false;plains;1
481;217;73;107;land;false;plains;1
482;223;88;253;land;false;plains;1
483;8;49;133;land;true;plains;1
484;72;252;239;land;false;plains;1
485;216;199;161;land;false;plains;1
486;90;100;75;land;false;plains;1
487;251;81;47;land;true;plains;1
488;135;33;179;land;true;plains;1
489;139;131;37;sea;false;ocean;1
490;14;96;37;sea;false;ocean;1
491;188;198;72;land;false;plains;1
492;52;202;102;land;false;plains;1
493;24;169;116;land;true;plains;1
494;25;26;137;land;false;plains;1
495;222;237;168;land;false;plains;1
496;142;223;204;land;false;plains;1
497;130;121;254;land;true;plains;1
498;183;52;72;land;false;plains;1
499;52;117;201;land;false;plains;1
500;210;65;231;land;true;plains;1
501;23;81;133;sea;false;ocean;1
502;85;156;88;land;false;plains;1
503;181;243;233;land;false;plains;1
504;65;105;192;land;true;plains;1
505;237;150;255;sea;false;ocean;1
506;105;183;155;land;false;plains;1
507;192;164;14;land;false;plains;1
508;187;74;103;land;false;plains;1
509;81;49;14;land;false;plains;1
510;64;135;191;land;false;plains;1
511;175;86;43;sea;false;ocean;1
512;237;43;138;land;false;plains;1
513;43;161;123;land;false;plains;1
514;240;81;64;land;false;plains;1
515;181;67;185;land;false;plains;1
516;17;163;123;land;false;plains;1
517;111;35;70;land;true;plains;1
518;44;227;3;land;true;plains;1
519;165;110;220;sea;false;ocean;1
520;40;30;227;land;true;plains;1
521;177;235;247;land;false;plains;1
522;140;202;54;land;false;plains;1
523;48;186;201;land;false;plains;1
524;229;71;1;land;false;plains;1
525;39;126;81;land;false;plains;1
526;123;29;24;land;false;plains;1
527;89;207;223;land;true;plains;1
528;128;187;246;sea;false;ocean;1
529;70;33;103;land;false;plains;1
530;10;19;204;land;true;plains;1
531;166;188;218;land;false;plains;1
532;179;241;44;land;false;plains;1
533;246;77;13;land;false;plains;1
534;78;81;104;land;false;plains;1
535;72;203;245;land;false;plains;1
536;194;96;65;sea;false;ocean;1
537;75;3;186;land;false;plains;1
538;50;133;2;land;false;plains;1
539;178;238;174;land;false;plains;1
540;175;38;43;land;false;plains;1
541;124;67;194;land;false;plains;1
542;24;172;134;land;true;plains;1
543;221;81;6;land;true;plains;1
544;85;183;170;land;false;plains;1
545;224;89;228;land;false;plains;1
546;82;115;91;land;false;plains;1
547;249;100;85;land;false;plains;1
548;9;17;113;sea;false;ocean;1
549;236;9;104;land;false;plains;1
550;219;107;33;land;false;plains;1
551;104;207;7;land;false;plains;1
552;9;247;43;land;true;plains;1
553;147;148;101;land;false;plains;1
554;47;197;156;land;false;plains;1
555;25;240;200;land;false;plains;1
556;248;210;121;land;false;plains;1
557;36;61;105;land;false;plains;1
558;250;199;249;land;true;plains;1
559;165;139;41;land;true;plains;1
560;252;202;25;land;false;plains;1
561;24;151;0;land;false;plains;1
562;39;155;66;sea;false;ocean;1
563;95;150;158;land;false;plains;1
564;54;97;209;land;false;plains;1
565;52;151;97;sea;false;ocean;1
566;0;29;126;land;true;plains;1
567;255;172;183;land;true;plains;1
568;144;177;125;land;true;plains;1
569;141;99;209;land;true;plains;1
570;223;144;6;land;false;plains;1
571;23;34;132;land;true;plains;1
572;193;210;80;land;false;plains;1
573;249;43;197;land;false;plains;1
574;136;128;34;land;false;plains;1
575;189;241;90;land;false;plains;1
576;64;178;176;land;false;plains;1
577;240;103;44;land;false;plains;1
578;254;24;161;land;false;plains;1
579;114;166;194;land;false;plains;1
580;175;208;105;land;false;plains;1
581;92;11;104;land;true;plains;1
582;111;230;244;land;true;plains;1
583;120;40;66;land;false;plains;1
584;203;95;71;land;true;plains;1
585;103;180;156;land;false;plains;1
586;111;143;90;land;false;plains;1
587;161;54;246;land;false;plains;1
588;223;244;48;land;false;plains;1
589;133;102;126;land;false;plains;1
590;152;82;210;land;false;plains;1
591;41;219;35;land;false;plains;1
592;117;151;223;land;false;plains;1
593;170;17;0;land;false;plains;1
594;186;143;169;land;true;plains;1
595;1;153;210;land;true;plains;1
596;50;59;201;land;false;plains;1
597;97;176;244;land;false;plains;1
598;118;131;190;sea;false;ocean;1
599;34;142;246;land;true;plains;1
600;33;136;43;land;true;plains;1
601;118;234;121;land;false;plains;1
602;19;195;217;sea;false;ocean;1
603;217;16;171;land;false;plains;1
604;198;4;4;land;false;plains;1
605;151;77;159;land;false;plains;1
606;1;63;151;land;false;plains;1
607;88;219;199;land;false;plains;1
608;114;191;90;land;false;plains;1
609;5;105;192;land;true;plains;1
610;56;156;117;land;true;plains;1
611;241;217;199;land;false;plains;1
612;29;227;74;land;false;plains;1
613;235;61;9;land;false;plains;1
614;128;91;52;land;false;plains;1
615;51;146;213;land;false;plains;1
616;187;245;85;sea;false;ocean;1
617;253;219;78;land;false;plains;1
618;44;104;144;land;false;plains;1
619;32;78;201;land;false;plains;1
620;125;44;233;sea;false;ocean;1
621;67;1;92;land;false;plains;1
622;194;50;243;land;false;plains;1
623;39;66;8;land;true;plains;1
624;216;50;24;land;false;plains;1
625;92;177;131;sea;false;ocean;1
626;158;17;143;land;false;plains;1
627;100;151;24;land;false;plains;1
628;241;230;203;land;false;plains;1
629;108;31;22;land;true;plains;1
630;76;200;124;land;false;plains;1
631;250;1;31;land;true;plains;1
632;84;34;168;land;true;plains;1
633;131;44;71;land;true;plains;1
634;138;28;88;land;false;plains;1
635;131;178;225;land;true;plains;1
636;217;143;176;land;false;plains;1
637;70;245;34;land;false;plains;1
638;178;53;12;land;false;plains;1
639;101;11;238;land;false;plains;1
640;196;206;126;land;false;plains;1
641;137;77;23;land;false;plains;1
642;46;249;200;land;false;plains;1
643;204;164;199;land;false;plains;1
644;77;232;200;land;true;plains;1
645;68;29;210;land;false;plains;1
646;88;177;159;land;false;plains;1
647;164;69;184;sea;false;ocean;1
648;49;158;198;land;true;plains;1
649;202;33;150;sea;false;ocean;1
650;68;72;80;land;false;plains;1
651;23;121;243;land;true;plains;1
652;139;72;112;land;true;plains;1
653;255;128;87;land;false;plains;1
654;250;201;202;land;true;plains;1
655;174;98;233;land;false;plains;1
656;245;127;110;land;true;plains;1
657;66;247;160;land;false;plains;1
658;35;245;223;land;false;plains;1
659;36;181;56;land;false;plains;1
660;233;228;68;sea;false;ocean;1
661;214;157;132;land;false;plains;1
662;103;167;27;land;true;plains;1
663;152;65;142;land;true;plains;1
664;223;151;46;land;false;plains;1
665;40;234;66;land;false;plains;1
666;132;58;118;land;false;plains;1
667;150;28;88;land;false;plains;1
668;230;50;120;land;true;plains;1
669;240;120;189;land;true;plains;1
670;100;32;80;land;true;plains;1
671;202;198;42;land;true;plains;1
672;84;112;244;land;false;plains;1
673;170;48;130;land;false;plains;1
674;169;49;72;land;true;plains;1
675;55;64;135;land;false;plains;1
676;143;192;228;land;true;plains;1
677;103;167;130;land;false;plains;1
678;246;16;11;land;false;plains;1
679;252;30;8;land;true;plains;1
680;151;243;187;sea;false;ocean;1
681;138;27;216;land;false;plains;1
682;149;33;195;land;false;plains;1
683;72;129;58;land;false;plains;1
684;167;1;250;land;false;plains;1
685;218;207;212;sea;false;ocean;1
686;74;71;45;land;false;plains;1
687;149;88;173;land;false;plains;1
688;168;237;212;land;false;plains;1
689;60;134;236;land;false;plains;1
690;28;222;102;sea;false;ocean;1
691;158;127;44;sea;false;ocean;1
692;85;182;190;land;false;plains;1
693;176;19;157;land;false;plains;1
694;191;208;74;land;false;plains;1
695;228;212;138;land;false;plains;1
696;138;93;235;land;true;plains;1
697;3;87;69;land;true;plains;1
698;245;216;85;land;false;plains;1
699;9;33;42;land;false;plains;1
700;182;73;137;land;false;plains;1
701;239;164;43;sea;false;ocean;1
702;45;164;123;land;true;plains;1
703;174;141;131;sea;false;ocean;1
704;124;101;122;land;false;plains;1
705;42;173;10;land;false;plains;1
706;235;84;184;land;false;plains;1
707;225;132;240;land;false;plains;1
708;242;63;37;land;false;plains;1
709;61;212;107;land;false;plains;1
710;49;233;194;land;false;plains;1
711;139;70;213;land;true;plains;1
712;107;173;116;land;true;plains;1
713;67;184;230;land;true;plains;1
714;108;49;77;sea;false;ocean;1
715;6;84;189;land;false;plains;1
716;199;91;85;land;false;plains;1
717;146;145;124;land;true;plains;1
718;56;172;156;land;true;plains;1
719;249;254;157;land;false;plains;1
720;189;5;14;land;true;plains;1
721;38;88;25;land;false;plains;1
722;16;25;0;land;false;plains;1
723;142;81;234;land;false;plains;1
724;70;8;227;land;false;plains;1
725;162;187;185;land;false;plains;1
726;148;153;243;land;true;plains;1
727;82;186;157;land;false;plains;1
728;41;255;251;land;false;plains;1
729;106;124;119;land;false;plains;1
730;222;127;20;land;false;plains;1
731;72;9;33;land;false;plains;1
732;163;163;80;land;false;plains;1
733;19;97;130;land;false;plains;1
734;139;177;67;land;false;plains;1
735;169;55;61;land;true;plains;1
736;8;20;104;land;true;plains;1
737;197;26;191;land;false;plains;1
738;183;87;100;land;false;plains;1
739;48;36;3;land;false;plains;1
740;87;105;255;land;false;plains;1
741;112;110;27;land;false;plains;1
742;57;37;119;land;false;plains;1
743;210;131;239;land;false;plains;1
744;120;46;115;land;false;plains;1
745;222;157;88;land;false;plains;1
746;187;100;107;sea;false;ocean;1
747;110;182;145;land;true;plains;1
748;130;117;74;land;true;plains;1
749;148;98;145;land;false;plains;1
750;65;146;79;land;true;plains;1
751;66;66;93;land;true;plains;1
752;58;61;224;land;false;plains;1
753;62;76;126;land;false;plains;1
754;229;114;241;land;false;plains;1
755;42;168;0;land;false;plains;1
756;187;227;140;land;false;plains;1
757;20;169;126;land;true;plains;1
758;149;194;132;land;false;plains;1
759;27;20;209;land;false;plains;1
760;77;112;94;land;false;plains;1
761;52;191;69;land;false;plains;1
762;255;10;26;land;false;plains;1
763;109;48;67;land;false;plains;1
764;52;228;5;land;false;plains;1
765;224;110;30;land;false;plains;1
766;105;117;23;land;false;plains;1
767;166;74;225;sea;false;ocean;1
768;42;99;106;land;true;plains;1
769;220;44;54;land;false;plains;1
770;23;34;86;land;true;plains;1
771;101;12;241;land;false;plains;1
772;42;88;17;sea;false;ocean;1
773;210;16;24;land;false;plains;1
774;61;193;235;land;false;plains;1
775;26;222;218;land;false;plains;1
776;149;77;109;land;false;plains;1
777;112;173;209;land;false;plains;1
778;61;143;160;sea;false;ocean;1
779;184;144;219;land;false;plains;1
780;152;52;143;land;false;plains;1
781;250;177;102;land;false;plains;1
782;97;232;152;land;false;plains;1
783;84;9;200;land;true;plains;1
784;1;159;188;land;false;plains;1
785;27;13;219;land;false;plains;1
786;140;241;223;land;false;plains;1
787;60;21;241;land;true;plains;1
788;241;208;166;land;true;plains;1
789;79;3;184;land;false;plains;1
790;8;180;236;land;true;plains;1
791;161;98;206;sea;false;ocean;1
792;30;250;7;land;true;plains;1
793;67;47;51;land;false;plains;1
794;253;221;90;land;false;plains;1
795;78;225;2;land;false;plains;1
796;233;221;83;land;false;plains;1
797;214;132;200;sea;false;ocean;1
798;209;116;105;land;true;plains;1
799;141;82;74;land;false;plains;1
800;134;44;154;land;true;plains;1
801;25;233;14;sea;false;ocean;1
802;211;77;50;land;false;plains;1
803;184;99;133;land;false;plains;1
804;197;245;114;land;false;plains;1
805;212;51;130;land;false;plains;1
806;195;146;252;land;false;plains;1
807;24;199;116;land;true;plains;1
808;35;152;45;land;false;plains;1
809;228;158;0;land;false;plains;1
810;210;198;139;land;false;plains;1
811;65;6;185;land;false;plains;1
812;171;47;166;land;false;plains;1
813;17;199;216;land;false;plains;1
814;12;53;192;land;false;plains;1
815;64;100;131;sea;false;ocean;1
816;221;86;237;land;false;plains;1
817;230;62;103;land;false;plains;1
818;183;250;146;land;false;plains;1
819;144;251;86;land;false;plains;1
820;236;32;163;land;false;plains;1
821;25;131;5;land;false;plains;1
822;161;225;80;land;false;plains;1
823;86;215;246;land;true;plains;1
824;161;214;137;land;true;plains;1
825;182;132;188;land;false;plains;1
826;62;83;248;land;false;plains;1
827;34;178;109;land;true;plains;1
828;138;227;215;land;false;plains;1
829;135;69;68;sea;false;ocean;1
830;150;189;150;land;true;plains;1
831;242;120;36;land;false;plains;1
832;54;30;144;land;false;plains;1
833;139;152;174;sea;false;ocean;1
834;181;115;41;land;false;plains;1
835;222;44;117;sea;false;ocean;1
836;125;164;116;land;false;plains;1
837;165;198;119;land;false;plains;1
838;194;147;125;land;false;plains;1
839;51;88;137;land;false;plains;1
840;87;247;159;land;true;plains;1
841;69;38;201;land;true;plains;1
842;30;55;48;land;false;plains;1
843;130;33;59;land;true;plains;1
844;111;240;119;land;true;plains;1
845;246;77;217;land;true;plains;1
846;57;48;25;land;false;plains;1
847;156;37;153;sea;false;ocean;1
848;8;173;206;land;false;plains;1
849;168;131;73;land;false;plains;1
850;114;168;244;land;false;plains;1
851;244;107;240;land;true;plains;1
852;196;162;111;land;false;plains;1
853;25;148;121;land;false;plains;1
854;190;193;126;land;false;plains;1
855;131;87;81;land;false;plains;1
856;83;98;97;land;false;plains;1
857;20;68;159;land;false;plains;1
858;9;246;183;sea;false;ocean;1
859;200;161;129;land;true;plains;1
860;218;65;141;land;false;plains;1
861;19;19;68;land;false;plains;1
862;105;178;121;land;true;plains;1
863;152;22;22;land;false;plains;1
864;223;152;182;land;false;plains;1
865;201;125;2;land;false;plains;1
866;215;94;133;land;false;plains;1
867;94;229;179;land;true;plains;1
868;222;201;201;land;true;plains;1
869;125;0;5;land;true;plains;1
870;139;224;40;land;false;plains;1
871;46;141;22;land;false;plains;1
872;114;80;141;land;false;plains;1
873;203;126;196;land;false;plains;1
874;21;255;152;land;false;plains;1
875;170;186;94;land;false;plains;1
876;153;3;137;land;true;plains;1
877;112;11;240;land;false;plains;1
878;211;68;188;land;false;plains;1
879;215;246;242;land;false;plains;1
880;242;52;64;land;false;plains;1
881;19;187;5;land;true;plains;1
882;144;69;90;land;true;plains;1
883;96;63;104;land;true;plains;1
884;102;243;124;land;false;plains;1
885;3;226;158;land;true;plains;1
886;91;174;184;land;true;plains;1
887;158;67;138;land;false;plains;1
888;131;50;77;land;false;plains;1
889;14;93;72;land;true;plains;1
890;197;228;136;land;true;plains;1
891;216;30;163;land;false;plains;1
892;226;242;3;land;false;plains;1
893;183;63;223;land;false;plains;1
894;108;97;98;land;false;plains;1
895;129;5;156;land;false;plains;1
896;72;4;240;land;false;plains;1
897;56;149;190;land;false;plains;1
898;235;106;148;land;false;plains;1
899;214;84;118;land;false;plains;1
900;159;218;90;land;false;plains;1
901;62;227;232;sea;false;ocean;1
902;78;217;143;land;true;plains;1
903;249;222;189;land;false;plains;1
904;249;20;88;land;true;plains;1
905;141;63;71;land;true;plains;1
906;109;97;64;sea;false;ocean;1
907;196;186;251;land;false;plains;1
908;240;199;199;land;false;plains;1
909;184;71;125;land;true;plains;1
910;33;106;51;land;false;plains;1
911;49;142;168;land;false;plains;1
912;152;254;115;land;false;plains;1
913;239;175;110;sea;false;ocean;1
914;208;118;114;sea;false;ocean;1
915;62;62;95;land;true;plains;1
916;97;208;187;land;false;plains;1
917;128;126;233;sea;false;ocean;1
918;89;184;46;land;false;plains;1
919;126;190;17;land;false;plains;1
920;160;170;231;land;false;plains;1
921;192;115;24;land;false;plains;1
922;50;208;87;land;false;plains;1
923;249;250;45;land;false;plains;1
924;60;29;76;land;true;plains;1
925;178;73;60;land;false;plains;1
926;114;171;20;land;true;plains;1
927;149;148;67;land;false;plains;1
928;248;208;14;land;false;plains;1
929;31;101;133;land;false;plains;1
930;112;169;65;land;false;plains;1
931;220;153;139;land;false;plains;1
932;208;65;233;sea;false;ocean;1
933;68;230;194;land;false;plains;1
934;64;46;85;land;false;plains;1
935;188;190;198;land;true;plains;1
936;141;217;222;land;true;plains;1
937;195;213;10;land;false;plains;1
938;133;218;61;land;false;plains;1
939;232;180;157;land;false;plains;1
940;215;53;152;land;false;plains;1
941;84;182;199;land;true;plains;1
942;30;107;237;land;false;plains;1
943;62;246;138;land;true;plains;1
944;37;34;226;land;true;plains;1
945;144;16;186;land;false;plains;1
946;232;64;103;land;true;plains;1
947;218;229;144;land;false;plains;1
948;194;231;26;land;false;plains;1
949;217;211;225;land;true;plains;1
950;122;119;248;land;false;plains;1
951;94;220;121;land;false;plains;1
952;44;29;89;land;false;plains;1
953;65;18;189;land;true;plains;1
954;195;134;50;land;true;plains;1
955;103;104;148;land;false;plains;1
956;173;149;46;sea;false;ocean;1
957;0;213;191;land;true;plains;1
958;32;213;78;sea;false;ocean;1
959;252;28;57;land;false;plains;1
960;187;248;32;land;false;plains;1
961;48;252;214;land;false;plains;1
962;53;205;134;land;true;plains;1
963;189;16;95;land;true;plains;1
964;42;81;198;land;true;plains;1
965;242;118;57;land;false;plains;1
966;101;227;111;land;false;plains;1
967;227;141;95;land;true;plains;1
968;131;66;219;sea;false;ocean;1
969;74;226;23;land;false;plains;1
970;23;111;145;land;false;plains;1
971;155;191;109;land;false;plains;1
972;36;218;77;land;true;plains;1
973;30;35;40;land;false;plains;1
974;223;214;64;land;false;plains;1
975;86;179;82;land;false;plains;1
976;212;144;47;land;false;plains;1
977;120;125;229;land;false;plains;1
978;22;212;141;sea;false;ocean;1
979;31;217;12;land;false;plains;1
980;128;77;151;land;true;plains;1
981;130;253;216;land;false;plains;1
982;7;212;81;land;false;plains;1
983;150;215;207;land;true;plains;1
984;17;26;76;land;true;plains;1
985;224;52;213;land;false;plains;1
986;191;161;169;land;false;plains;1
987;103;0;194;land;false;plains;1
988;115;146;104;land;false;plains;1
989;121;47;73;land;false;plains;1
990;13;218;215;land;false;plains;1
991;199;85;50;sea;false;ocean;1
992;227;7;215;land;false;plains;1
993;21;211;178;land;true;plains;1
994;86;41;17;land;true;plains;1
995;47;68;171;land;false;plains;1
996;106;76;164;land;true;plains;1
997;1;134;64;land;true;plains;1
998;36;183;113;land;true;plains;1
999;144;146;172;land;true;plains;1
1000;6;76;83;land;false;plains;1
1001;36;181;180;land;false;plains;1
1002;127;18;120;land;false;plains;1
1003;229;61;212;land;false;plains;1
1004;141;9;155;land;true;plains;1
1005;255;168;101;land;true;plains;1
1006;79;51;74;sea;false;ocean;1
1007;168;96;146;sea;false;ocean;1
1008;130;203;17;land;true;plains;1
1009;27;210;235;land;false;plains;1
1010;16;13;157;land;false;plains;1
1011;136;227;168;land;true;plains;1
1012;123;106;217;land;true;plains;1
1013;220;43;81;land;true;plains;1
1014;195;240;96;land;false;plains;1
1015;172;129;6;land;true;plains;1
1016;9;191;128;land;true;plains;1
1017;153;83;137;land;false;plains;1
1018;123;40;225;sea;false;ocean;1
1019;135;115;108;land;false;plains;1
1020;5;37;69;land;true;plains;1
1021;204;140;84;land;true;plains;1
1022;6;100;86;sea;false;ocean;1
1023;147;127;181;land;true;plains;1
1024;58;37;133;land;false;plains;1
1025;114;23;250;land;false;plains;1
1026;138;204;139;land;false;plains;1
1027;244;216;60;land;false;plains;1
1028;16;220;103;land;false;plains;1
1029;165;56;80;sea;false;ocean;1
1030;19;236;126;sea;false;ocean;1
1031;91;142;4;land;true;plains;1
1032;71;177;30;land;false;plains;1
1033;91;207;126;land;true;plains;1
1034;151;59;19;land;false;plains;1
1035;142;146;90;land;false;plains;1
1036;44;136;133;land;true;plains;1
1037;247;176;192;land;true;plains;1
1038;140;100;96;land;false;plains;1
1039;48;174;176;land;true;plains;1
1040;169;33;132;land;true;plains;1
1041;10;238;232;land;false;plains;1
1042;201;136;35;land;false;plains;1
1043;35;67;59;land;false;plains;1
1044;242;113;222;land;true;plains;1
1045;219;64;140;land;true;plains;1
1046;168;23;102;land;true;plains;1
1047;187;56;243;land;false;plains;1
1048;254;140;80;land;true;plains;1
1049;215;117;107;land;false;plains;1
1050;168;76;244;land;true;plains;1
1051;47;245;247;sea;false;ocean;1
1052;147;157;168;land;true;plains;1
1053;6;193;229;land;false;plains;1
1054;194;19;196;sea;false;ocean;1
1055;113;194;53;land;true;plains;1
1056;137;234;201;land;false;plains;1
1057;65;45;120;land;false;plains;1
1058;104;51;128;land;false;plains;1
1059;126;100;226;land;false;plains;1
1060;97;110;4;land;true;plains;1
1061;163;166;146;land;true;plains;1
1062;152;187;128;land;false;plains;1
1063;78;77;213;land;true;plains;1
1064;184;156;49;land;false;plains;1
1065;192;29;100;land;false;plains;1
1066;14;238;35;land;false;plains;1
1067;186;11;10;land;false;plains;1
1068;102;74;153;land;false;plains;1
1069;216;102;102;sea;false;ocean;1
1070;99;28;62;land;true;plains;1
1071;254;22;13;land;true;plains;1
1072;70;197;127;land;false;plains;1
1073;31;222;206;land;true;plains;1
1074;109;14;218;land;true;plains;1
1075;202;254;113;land;true;plains;1
1076;235;160;204;land;false;plains;1
1077;24;174;73;land;false;plains;1
1078;140;192;104;land;true;plains;1
1079;141;55;219;land;false;plains;1
1080;55;229;190;land;false;plains;1
1081;109;201;146;sea;false;ocean;1
1082;70;25;170;sea;false;ocean;1
1083;107;207;121;land;false;plains;1
1084;192;16;100;land;false;plains;1
1085;135;117;41;land;true;plains;1
1086;56;120;80;land;false;plains;1
1087;193;85;199;land;true;plains;1
1088;218;129;2;land;false;plains;1
1089;16;74;140;sea;false;ocean;1
1090;53;198;123;land;false;plains;1
1091;110;91;158;land;false;plains;1
1092;165;56;13;land;false;plains;1
1093;189;76;121;land;false;plains;1
1094;95;65;93;land;false;plains;1
1095;61;163;104;land;false;plains;1
1096;213;134;11;land;false;plains;1
1097;12;251;61;land;true;plains;1
1098;227;203;159;land;false;plains;1
1099;246;154;27;land;false;plains;1
1100;16;183;92;land;false;plains;1
1101;139;121;180;land;true;plains;1
1102;163;163;226;land;true;plains;1
1103;95;235;141;land;false;plains;1
1104;170;67;249;land;false;plains;1
1105;167;87;205;land;false;plains;1
1106;233;15;240;land;false;plains;1
1107;140;54;147;land;false;plains;1
1108;168;254;151;land;true;plains;1
1109;145;245;123;land;true;plains;1
1110;169;74;178;land;true;plains;1
1111;109;231;115;sea;false;ocean;1
1112;160;190;52;land;false;plains;1
1113;21;30;213;land;false;plains;1
1114;210;142;53;land;true;plains;1
1115;147;35;174;land;true;plains;1
1116;141;40;104;land;false;plains;1
1117;127;192;239;sea;false;ocean;1
1118;118;18;107;land;false;plains;1
1119;226;247;2;land;false;plains;1
1120;215;183;189;land;true;plains;1
1121;102;56;164;sea;false;ocean;1
1122;110;231;117;land;true;plains;1
1123;45;150;166;land;true;plains;1
1124;36;220;209;land;false;plains;1
1125;22;97;67;land;false;plains;1
1126;217;71;116;land;false;plains;1
1127;0;161;109;land;false;plains;1
1128;28;74;215;land;true;plains;1
1129;0;57;173;land;false;plains;1
1130;114;224;33;land;true;plains;1
1131;138;106;164;land;false;plains;1
1132;226;65;59;land;false;plains;1
1133;28;55;13;land;true;plains;1
1134;187;198;161;land;false;plains;1
1135;38;51;45;land;false;plains;1
1136;70;222;162;land;false;plains;1
1137;50;82;216;land;false;plains;1
1138;133;66;177;land;false;plains;1
1139;129;252;229;land;false;plains;1
1140;110;255;172;land;false;plains;1
1141;210;124;209;land;false;plains;1
1142;246;180;21;sea;false;ocean;1
1143;0;215;190;land;true;plains;1
1144;112;166;123;land;false;plains;1
1145;5;98;212;land;true;plains;1
1146;103;176;180;land;false;plains;1
1147;136;190;92;land;false;plains;1
1148;196;82;92;land;false;plains;1
1149;140;144;201;land;false;plains;1
1150;96;96;214;land;false;plains;1
1151;48;59;35;land;false;plains;1
1152;223;95;25;land;true;plains;1
1153;123;251;44;land;true;plains;1
1154;167;7;122;land;true;plains;1
1155;70;94;204;land;true;plains;1
1156;80;158;240;land;true;plains;1
1157;55;184;116;land;false;plains;1
1158;239;12;139;land;true;plains;1
1159;133;227;98;land;false;plains;1
1160;14;59;236;land;false;plains;1
1161;85;1;55;land;true;plains;1
1162;242;6;187;land;true;plains;1
1163;68;102;48;land;true;plains;1
1164;214;196;54;land;false;plains;1
1165;205;142;66;land;true;plains;1
1166;168;101;139;land;false;plains;1
1167;40;202;18;land;false;plains;1
1168;231;106;152;land;true;plains;1
1169;202;88;230;land;false;plains;1
1170;124;216;83;land;false;plains;1
1171;167;37;205;sea;false;ocean;1
1172;153;7;249;land;true;plains;1
1173;154;80;238;land;true;plains;1
1174;196;115;233;sea;false;ocean;1
1175;243;45;210;land;false;plains;1
1176;54;6;154;land;false;plains;1
1177;108;25;50;land;false;plains;1
1178;215;129;206;land;false;plains;1
1179;190;54;102;sea;false;ocean;1
1180;11;21;244;land;true;plains;1
1181;1;9;179;land;false;plains;1
1182;189;105;94;land;false;plains;1
1183;217;55;212;land;false;plains;1
1184;117;20;249;land;false;plains;1
1185;204;187;186;land;true;plains;1
1186;206;145;249;land;false;plains;1
1187;69;202;68;land;false;plains;1
1188;112;110;253;land;false;plains;1
1189;64;36;71;land;false;plains;1
1190;216;253;112;land;true;plains;1
1191;255;104;199;sea;false;ocean;1
1192;175;209;164;land;true;plains;1
1193;210;124;42;land;false;plains;1
1194;117;147;78;sea;false;ocean;1
1195;149;251;30;land;false;plains;1
1196;63;134;210;land;false;plains;1
1197;151;187;65;land;false;plains;1
1198;139;161;4;land;false;plains;1
1199;154;221;26;land;true;plains;1
1200;45;57;214;land;false;plains;1
1201;71;167;141;land;false;plains;1
1202;169;243;252;land;false;plains;1
1203;28;117;241;land;false;plains;1
1204;210;168;129;land;false;plains;1
1205;3;144;217;land;true;plains;1
1206;74;253;73;land;true;plains;1
1207;3;153;41;land;false;plains;1
1208;103;195;188;land;false;plains;1
1209;23;12;124;land;false;plains;1
1210;192;124;55;land;false;plains;1
1211;178;23;147;land;true;plains;1
1212;221;159;0;land;true;plains;1
1213;67;232;128;land;true;plains;1
1214;105;40;81;land;false;plains;1
1215;138;162;96;land;true;plains;1
1216;200;41;81;land;true;plains;1
1217;64;163;232;land;false;plains;1
1218;139;237;201;land;false;plains;1
1219;47;106;145;land;false;plains;1
1220;192;205;152;sea;false;ocean;1
1221;28;205;98;land;false;plains;1
1222;178;215;230;land;false;plains;1
1223;113;184;19;land;false;plains;1
1224;182;231;3;sea;false;ocean;1
1225;43;46;65;land;false;plains;1
1226;35;251;4;land;false;plains;1
1227;163;102;190;land;false;plains;1
1228;60;153;150;land;true;plains;1
1229;251;17;186;land;false;plains;1
1230;14;254;22;land;false;plains;1
1231;158;132;251;land;false;plains;1
1232;3;163;240;land;true;plains;1
1233;217;126;244;sea;false;ocean;1
1234;218;154;41;land;false;plains;1
1235;174;170;51;land;false;plains;1
1236;148;92;79;land;false;plains;1
1237;92;132;203;land;false;plains;1
1238;89;107;218;land;true;plains;1
1239;248;203;233;land;true;plains;1
1240;135;2;116;land;false;plains;1
1241;186;217;47;land;false;plains;1
1242;102;212;167;land;false;plains;1
1243;212;7;44;land;false;plains;1
1244;115;54;45;land;true;plains;1
1245;175;204;62;land;true;plains;1
1246;244;170;147;land;false;plains;1
1247;78;163;148;land;true;plains;1
1248;211;218;184;land;false;plains;1
1249;198;1;243;land;false;plains;1
1250;26;119;142;land;true;plains;1
1251;155;8;169;land;true;plains;1
1252;220;255;62;land;false;plains;1
1253;61;168;249;land;false;plains;1
1254;118;239;209;sea;false;ocean;1
1255;123;103;162;sea;false;ocean;1
1256;109;88;40;land;false;plains;1
1257;8;221;199;sea;false;ocean;1
1258;172;58;137;land;false;plains;1
1259;60;32;197;land;false;plains;1
1260;205;153;9;land;true;plains;1
1261;213;37;214;land;true;plains;1
1262;28;182;102;land;true;plains;1
1263;26;213;41;land;false;plains;1
1264;33;192;223;sea;false;ocean;1
1265;31;179;154;sea;false;ocean;1
1266;248;89;236;land;false;plains;1
1267;66;195;240;land;false;plains;1
1268;251;117;201;land;false;plains;1
1269;224;12;228;land;false;plains;1
1270;157;56;236;land;false;plains;1
1271;169;157;206;land;false;plains;1
1272;238;159;142;land;false;plains;1
1273;232;44;25;land;false;plains;1
1274;162;70;59;land;true;plains;1
1275;159;194;220;land;true;plains;1
1276;140;130;98;land;true;plains;1
1277;140;13;154;land;true;plains;1
1278;173;240;17;land;false;plains;1
1279;91;79;189;sea;false;ocean;1
1280;151;32;121;land;false;plains;1
1281;99;219;110;land;false;plains;1
1282;170;199;167;land;false;plains;1
1283;249;189;69;sea;false;ocean;1
1284;44;20;148;land;false;plains;1
1285;63;225;212;land;false;plains;1
1286;5;85;100;land;false;plains;1
1287;22;42;18;land;false;plains;1
1288;170;251;231;sea;false;ocean;1
1289;197;226;242;land;false;plains;1
1290;70;204;187;sea;false;ocean;1
1291;161;222;174;land;false;plains;1
1292;178;43;151;land;false;plains;1
1293;138;164;111;land;false;plains;1
1294;31;63;60;land;false;plains;1
1295;140;111;43;land;true;plains;1
1296;154;28;189;land;true;plains;1
1297;139;15;18;land;true;plains;1
1298;183;148;134;land;true;plains;1
1299;174;128;246;land;false;plains;1
1300;144;175;149;land;false;plains;1
1301;60;253;211;land;false;plains;1
1302;161;185;11;land;false;plains;1
1303;29;1;146;land;false;plains;1
1304;234;110;212;land;true;plains;1
1305;240;55;162;land;true;plains;1
1306;153;196;1;land;true;plains;1
1307;16;110;59;land;true;plains;1
1308;167;248;187;land;false;plains;1
1309;233;240;78;land;false;plains;1
1310;228;115;7;sea;false;ocean;1
1311;200;35;227;sea;false;ocean;1
1312;179;80;150;land;true;plains;1
1313;95;250;137;land;false;plains;1
1314;59;251;49;land;false;plains;1
1315;62;200;67;land;false;plains;1
1316;150;186;134;land;false;plains;1
1317;75;77;188;land;false;plains;1
1318;102;23;238;land;false;plains;1
1319;229;105;178;land;false;plains;1
1320;112;222;114;land;false;plains;1
1321;233;39;200;land;true;plains;1
1322;156;43;99;land;true;plains;1
1323;89;38;246;land;false;plains;1
1324;222;94;129;land;false;plains;1
1325;83;224;255;land;false;plains;1
1326;18;105;65;land;true;plains;1
1327;187;240;92;land;false;plains;1
1328;242;93;189;sea;false;ocean;1
1329;48;10;85;sea;false;ocean;1
1330;39;59;212;land;false;plains;1
1331;74;126;35;land;false;plains;1
1332;211;51;108;land;false;plains;1
1333;24;157;110;land;false;plains;1
1334;172;253;67;land;true;plains;1
1335;242;113;84;land;false;plains;1
1336;56;186;48;land;false;plains;1
1337;196;252;236;land;true;plains;1
1338;71;11;17;land;false;plains;1
1339;117;208;97;land;false;plains;1
1340;255;224;159;land;false;plains;1
1341;240;100;245;land;false;plains;1
1342;178;174;165;land;false;plains;1
1343;197;79;118;land;true;plains;1
1344;151;138;183;land;false;plains;1
1345;153;8;201;land;false;plains;1
1346;96;63;117;land;false;plains;1
1347;113;20;167;land;false;plains;1
1348;88;254;39;land;false;plains;1
1349;12;135;167;land;true;plains;1
1350;6;130;2;land;true;plains;1
1351;59;17;92;sea;false;ocean;1
1352;22;166;9;sea;false;ocean;1
1353;160;246;210;land;false;plains;1
1354;98;152;223;sea;false;ocean;1
1355;194;82;213;land;false;plains;1
1356;77;190;19;land;true;plains;1
1357;185;21;55;land;false;plains;1
1358;135;66;88;land;false;plains;1
1359;71;193;152;land;false;plains;1
1360;152;174;163;land;false;plains;1
1361;72;98;88;land;false;plains;1
1362;126;21;115;land;false;plains;1
1363;110;228;34;land;false;plains;1
1364;75;228;235;land;false;plains;1
1365;94;110;118;land;false;plains;1
1366;141;184;193;land;true;plains;1
1367;182;52;107;land;true;plains;1
1368;162;145;66;land;true;plains;1
1369;23;165;160;land;false;plains;1
1370;67;109;75;land;false;plains;1
1371;147;16;54;land;false;plains;1
1372;198;32;230;land;true;plains;1
1373;98;33;156;land;false;plains;1
1374;34;248;123;land;true;plains;1
1375;173;73;77;land;true;plains;1
1376;136;130;43;land;false;plains;1
1377;88;94;172;land;false;plains;1
1378;2;32;180;land;false;plains;1
1379;180;163;162;land;true;plains;1
1380;218;137;97;land;true;plains;1
1381;226;255;202;land;false;plains;1
1382;11;28;105;land;false;plains;1
1383;170;217;5;land;false;plains;1
1384;53;111;45;land;true;plains;1
1385;10;124;249;land;false;plains;1
1386;112;247;5;land;false;plains;1
1387;51;53;36;land;false;plains;1
1388;175;132;130;land;true;plains;1
1389;163;146;156;land;true;plains;1
1390;148;214;183;land;true;plains;1
1391;68;105;46;land;true;plains;1
1392;32;53;115;land;true;plains;1
1393;133;86;149;land;false;plains;1
1394;194;242;31;land;true;plains;1
1395;156;179;19;land;false;plains;1
1396;194;90;39;land;false;plains;1
1397;89;32;108;land;true;plains;1
1398;76;69;131;land;false;plains;1
1399;116;117;223;land;false;plains;1
1400;236;36;130;land;false;plains;1
1401;204;46;248;sea;false;ocean;1
1402;111;182;127;sea;false;ocean;1
1403;2;0;207;land;true;plains;1
1404;73;143;20;land;true;plains;1
1405;185;232;170;land;false;plains;1
1406;220;148;231;land;false;plains;1
1407;250;234;71;land;true;plains;1
1408;212;53;32;land;false;plains;1
1409;102;146;250;sea;false;ocean;1
1410;133;14;9;land;true;plains;1
1411;12;125;156;land;true;plains;1
1412;81;137;51;land;true;plains;1
1413;243;249;87;land;false;plains;1
1414;248;144;145;land;true;plains;1
1415;153;22;78;land;true;plains;1
1416;87;241;170;sea;false;ocean;1
1417;247;117;228;land;false;plains;1
1418;163;20;217;sea;false;ocean;1
1419;107;214;166;land;false;plains;1
1420;151;18;43;land;false;plains;1
1421;240;62;215;land;false;plains;1
1422;252;200;175;land;true;plains;1
1423;1;88;129;land;true;plains;1
1424;208;201;93;land;true;plains;1
1425;115;114;242;land;false;plains;1
1426;179;139;199;land;false;plains;1
1427;212;4;70;land;false;plains;1
1428;71;167;120;land;true;plains;1
1429;190;238;90;land;false;plains;1
1430;186;79;95;sea;false;ocean;1
1431;237;103;116;land;true;plains;1
1432;2;39;126;land;true;plains;1
1433;189;169;38;land;false;plains;1
1434;170;30;145;land;false;plains;1
1435;99;155;34;land;false;plains;1
1436;5;169;31;land;true;plains;1
1437;28;73;102;land;false;plains;1
1438;215;68;13;land;false;plains;1
1439;102;37;219;land;false;plains;1
1440;192;145;237;land;false;plains;1
1441;24;212;213;sea;false;ocean;1
1442;67;166;188;land;false;plains;1
1443;254;65;77;land;false;plains;1
1444;89;140;79;land;true;plains;1
1445;131;0;142;sea;false;ocean;1
1446;157;230;153;land;false;plains;1
1447;164;105;181;land;false;plains;1
1448;54;29;238;land;true;plains;1
1449;29;171;101;land;true;plains;1
1450;248;72;246;land;true;plains;1
1451;227;119;112;land;false;plains;1
1452;185;80;55;land;false;plains;1
1453;64;32;148;land;false;plains;1
1454;231;161;7;land;false;plains;1
1455;137;130;245;land;false;plains;1
1456;102;250;162;land;false;plains;1
1457;54;114;93;land;false;plains;1
1458;179;201;224;land;false;plains;1
1459;255;196;164;land;false;plains;1
1460;214;60;88;sea;false;ocean;1
1461;90;58;43;land;false;plains;1
1462;1;79;175;land;true;plains;1
1463;82;40;102;land;true;plains;1
1464;47;167;147;land;false;plains;1
1465;104;196;20;land;false;plains;1
1466;70;110;92;land;false;plains;1
1467;161;148;66;land;false;plains;1
1468;20;77;233;land;false;plains;1
1469;86;191;106;sea;false;ocean;1
1470;202;239;43;sea;false;ocean;1
1471;200;35;143;land;true;plains;1
1472;198;201;69;land;true;plains;1
1473;120;12;97;land;true;plains;1
1474;92;116;240;land;false;plains;1
1475;202;151;2;sea;false;ocean;1
1476;173;18;225;land;false;plains;1
1477;84;22;0;land;false;plains;1
1478;108;30;248;land;true;plains;1
1479;157;79;61;land;false;plains;1
1480;159;65;100;land;false;plains;1
1481;77;131;134;sea;false;ocean;1
1482;37;114;83;land;false;plains;1
1483;59;230;93;land;false;plains;1
1484;110;27;22;land;true;plains;1
1485;27;146;109;land;true;plains;1
1486;76;160;19;land;false;plains;1
1487;144;97;144;land;false;plains;1
1488;20;124;29;land;false;plains;1
1489;229;184;9;land;true;plains;1
1490;171;24;49;land;false;plains;1
1491;15;58;161;land;true;plains;1
1492;47;102;20;land;false;plains;1
1493;200;170;95;land;false;plains;1
1494;153;32;236;land;false;plains;1
1495;130;180;76;land;true;plains;1
1496;188;29;90;land;true;plains;1
1497;216;17;111;land;true;plains;1
1498;211;201;161;land;false;plains;1
1499;218;171;32;land;false;plains;1
1500;200;73;42;land;false;plains;1
1501;96;80;205;land;true;plains;1
1502;192;101;214;land;false;plains;1
1503;136;22;81;land;false;plains;1
1504;32;174;77;land;true;plains;1
1505;115;100;223;land;true;plains;1
1506;153;207;219;land;true;plains;1
1507;48;77;138;land;false;plains;1
1508;150;164;193;sea;false;ocean;1
1509;101;89;130;land;false;plains;1
1510;178;46;158;land;false;plains;1
1511;116;139;130;land;true;plains;1
1512;145;239;63;land;true;plains;1
1513;106;99;224;land;false;plains;1
1514;48;20;98;land;true;plains;1
1515;83;144;24;land;false;plains;1
1516;174;234;103;land;false;plains;1
1517;5;161;23;land;false;plains;1
1518;4;33;99;land;true;plains;1
1519;106;82;79;sea;false;ocean;1
1520;233;140;54;land;false;plains;1
1521;159;78;88;land;false;plains;1
1522;224;233;251;land;true;plains;1
1523;168;230;213;land;true;plains;1
1524;224;175;83;sea;false;ocean;1
1525;131;226;149;land;false;plains;1
1526;142;119;162;land;false;plains;1
1527;190;45;67;land;true;plains;1
1528;10;133;222;land;false;plains;1
1529;180;99;221;land;false;plains;1
1530;188;160;145;sea;false;ocean;1
1531;68;214;53;land;false;plains;1
1532;214;72;242;land;true;plains;1
1533;91;88;3;sea;false;ocean;1
1534;115;109;198;land;false;plains;1
1535;198;9;213;land;false;plains;1
1536;97;174;151;sea;false;ocean;1
1537;172;120;247;land;true;plains;1
1538;59;18;128;land;false;plains;1
1539;102;226;193;land;false;plains;1
1540;146;114;134;land;false;plains;1
1541;165;173;196;land;true;plains;1
1542;50;17;82;land;false;plains;1
1543;62;174;40;land;true;plains;1
1544;188;94;26;land;false;plains;1
1545;221;241;109;land;false;plains;1
1546;196;83;210;land;false;plains;1
1547;122;112;37;land;false;plains;1
1548;184;50;226;sea;false;ocean;1
1549;193;217;41;land;true;plains;1
1550;188;202;201;land;false;plains;1
1551;163;10;85;land;false;plains;1
1552;184;27;12;land;false;plains;1
1553;235;162;181;land;true;plains;1
1554;25;191;87;land;false;plains;1
1555;199;52;110;sea;false;ocean;1
1556;123;207;158;land;false;plains;1
1557;64;73;217;sea;false;ocean;1
1558;126;63;215;land;false;plains;1
1559;201;182;151;land;false;plains;1
1560;17;214;72;land;true;plains;1
1561;251;163;117;land;true;plains;1
1562;38;154;203;land;true;plains;1
1563;118;142;185;land;false;plains;1
1564;6;166;121;land;true;plains;1
1565;201;58;208;land;true;plains;1
1566;252;170;254;land;true;plains;1
1567;38;241;26;land;true;plains;1
1568;28;148;30;land;false;plains;1
1569;23;57;97;land;false;plains;1
1570;232;51;103;land;false;plains;1
1571;79;31;208;land;false;plains;1
1572;103;152;98;land;false;plains;1
1573;65;229;28;land;false;plains;1
1574;143;78;27;land;true;plains;1
1575;192;56;187;sea;false;ocean;1
1576;43;123;121;land;true;plains;1
1577;114;63;218;land;false;plains;1
1578;6;209;254;land;false;plains;1
1579;66;72;255;land;true;plains;1
1580;31;117;227;land;true;plains;1
1581;221;209;48;land;false;plains;1
1582;199;82;111;land;true;plains;1
1583;111;198;64;land;true;plains;1
1584;79;141;8;land;false;plains;1
1585;123;152;91;land;false;plains;1
1586;207;246;129;land;false;plains;1
1587;131;84;54;land;false;plains;1
1588;197;190;183;land;false;plains;1
1589;227;183;72;land;false;plains;1
1590;66;2;38;land;true;plains;1
1591;223;96;139;land;false;plains;1
1592;146;158;73;land;false;plains;1
1593;251;191;18;land;true;plains;1
1594;205;219;159;land;false;plains;1
1595;112;1;52;land;false;plains;1
1596;9;73;99;sea;false;ocean;1
1597;55;93;11;land;false;plains;1
1598;100;130;26;sea;false;ocean;1
1599;154;99;167;land;false;plains;1
1600;62;203;212;land;true;plains;1
1601;145;103;144;land;true;plains;1
1602;248;155;231;land;false;plains;1
1603;102;241;14;land;false;plains;1
1604;175;177;137;land;false;plains;1
1605;159;147;25;land;true;plains;1
1606;138;156;249;land;false;plains;1
1607;65;3;157;land;true;plains;1
1608;225;241;148;land;false;plains;1
1609;66;97;27;land;false;plains;1
1610;77;225;189;land;true;plains;1
1611;221;128;81;sea;false;ocean;1
1612;174;216;101;sea;false;ocean;1
1613;59;135;174;land;false;plains;1
1614;9;71;218;land;false;plains;1
1615;255;185;27;land;false;plains;1
1616;185;75;14;land;true;plains;1
1617;77;174;104;land;true;plains;1
1618;220;49;45;sea;false;ocean;1
1619;120;7;223;land;false;plains;1
1620;210;202;10;land;false;plains;1
1621;237;62;240;land;true;plains;1
1622;168;128;238;land;false;plains;1
1623;198;13;214;land;false;plains;1
1624;207;203;237;sea;false;ocean;1
1625;93;205;121;sea;false;ocean;1
1626;97;189;221;land;false;plains;1
1627;101;182;216;land;true;plains;1
1628;220;216;53;land;false;plains;1
1629;5;137;137;land;false;plains;1
1630;222;194;184;land;true;plains;1
1631;19;172;7;land;false;plains;1
1632;215;225;49;land;false;plains;1
1633;152;200;17;land;true;plains;1
1634;100;40;48;land;false;plains;1
1635;110;23;231;land;false;plains;1
1636;67;254;116;land;true;plains;1
1637;236;6;99;land;true;plains;1
1638;98;46;167;sea;false;ocean;1
1639;151;206;193;sea;false;ocean;1
1640;209;85;159;land;false;plains;1
1641;177;152;109;sea;false;ocean;1
1642;218;72;238;land;false;plains;1
1643;107;89;118;land;false;plains;1
1644;220;113;118;land;false;plains;1
1645;205;128;226;land;false;plains;1
1646;167;141;206;land;false;plains;1
1647;209;152;148;land;false;plains;1
1648;72;0;185;land;true;plains;1
1649;135;39;56;land;true;plains;1
1650;9;18;105;land;true;plains;1
1651;132;101;100;land;false;plains;1
1652;111;209;237;land;false;plains;1
1653;225;54;133;land;true;plains;1
1654;196;224;223;land;true;plains;1
1655;86;219;44;land;true;plains;1
1656;142;152;83;land;true;plains;1
1657;71;166;175;land;true;plains;1
1658;147;209;188;land;true;plains;1
1659;154;163;58;land;false;plains;1
1660;197;166;12;land;false;plains;1
1661;139;133;249;land;false;plains;1
1662;5;178;33;land;false;plains;1
1663;243;95;4;sea;false;ocean;1
1664;246;129;60;land;true;plains;1
1665;177;134;233;land;false;plains;1
1666;13;207;91;land;false;plains;1
1667;34;212;199;sea;false;ocean;1
1668;162;55;154;land;true;plains;1
1669;252;198;95;land;true;plains;1
1670;21;86;156;land;true;plains;1
1671;232;180;68;land;false;plains;1
1672;174;140;155;land;false;plains;1
1673;178;76;236;land;true;plains;1
1674;249;86;106;land;true;plains;1
1675;61;133;108;land;false;plains;1
1676;42;74;100;land;true;plains;1
1677;84;236;190;land;true;plains;1
1678;187;111;237;land;false;plains;1
1679;212;171;98;land;false;plains;1
1680;236;180;155;land;true;plains;1
1681;254;46;223;land;false;plains;1
1682;173;240;45;land;false;plains;1
1683;177;123;1;land;false;plains;1
1684;201;11;7;land;false;plains;1
1685;99;95;43;land;false;plains;1
1686;87;36;92;land;false;plains;1
1687;120;211;3;land;true;plains;1
1688;47;37;67;land;true;plains;1
1689;123;205;117;land;true;plains;1
1690;91;128;101;land;false;plains;1
1691;137;113;186;sea;false;ocean;1
1692;175;27;113;sea;false;ocean;1
1693;16;38;121;land;false;plains;1
1694;37;49;40;land;false;plains;1
1695;35;82;182;land;false;plains;1
1696;30;252;196;land;false;plains;1
1697;71;26;253;land;false;plains;1
1698;78;125;152;land;false;plains;1
1699;108;193;74;sea;false;ocean;1
1700;116;28;55;land;false;plains;1
1701;190;27;4;sea;false;ocean;1
1702;12;36;184;land;false;plains;1
1703;76;242;227;land;false;plains;1
1704;40;56;74;land;false;plains;1
1705;226;114;109;land;false;plains;1
1706;63;154;33;land;false;plains;1
1707;32;245;193;land;false;plains;1
1708;97;14;167;land;false;plains;1
1709;229;188;185;land;false;plains;1
1710;240;91;136;land;false;plains;1
1711;78;71;173;land;false;plains;1
1712;27;124;212;land;true;plains;1
1713;5;157;162;land;true;plains;1
1714;175;80;157;land;false;plains;1
1715;237;107;213;land;false;plains;1
1716;191;12;18;sea;false;ocean;1
1717;165;212;216;land;false;plains;1
1718;16;102;240;land;false;plains;1
1719;205;211;44;sea;false;ocean;1
1720;112;25;199;land;true;plains;1
1721;137;55;141;sea;false;ocean;1
1722;189;79;128;land;true;plains;1
1723;160;92;224;land;false;plains;1
1724;124;158;232;land;true;plains;1
1725;112;74;90;land;true;plains;1
1726;94;110;210;land;false;plains;1
1727;222;215;133;land;true;plains;1
1728;212;227;123;land;true;plains;1
1729;197;104;207;land;false;plains;1
1730;187;105;216;land;false;plains;1
1731;170;15;123;land;false;plains;1
1732;207;255;80;sea;false;ocean;1
1733;93;15;231;sea;false;ocean;1
1734;40;202;216;land;false;plains;1
1735;174;205;140;land;true;plains;1
1736;240;63;65;land;false;plains;1
1737;245;255;168;land;true;plains;1
1738;130;9;42;land;false;plains;1
1739;113;231;254;land;false;plains;1
1740;14;93;140;land;false;plains;1
1741;24;169;126;land;false;plains;1
1742;6;221;187;land;true;plains;1
1743;110;101;87;sea;false;ocean;1
1744;88;158;193;land;false;plains;1
1745;78;103;199;land;false;plains;1
1746;10;138;228;land;false;plains;1
1747;205;180;160;land;false;plains;1
1748;223;160;52;land;false;plains;1
1749;100;125;42;land;false;plains;1
1750;103;33;6;land;false;plains;1
1751;131;152;235;land;false;plains;1
1752;85;164;157;land;false;plains;1
1753;168;165;137;land;false;plains;1
1754;144;29;244;land;false;plains;1
1755;30;193;33;land;true;plains;1
1756;1;74;225;land;true;plains;1
1757;99;69;61;land;false;plains;1
1758;113;57;243;land;true;plains;1
1759;115;197;107;land;false;plains;1
1760;58;120;135;land;false;plains;1
1761;2;8;100;land;true;plains;1
1762;6;245;173;land;true;plains;1
1763;75;105;163;land;true;plains;1
1764;129;248;12;land;false;plains;1
1765;35;90;216;land;true;plains;1
1766;57;241;159;land;false;plains;1
1767;44;43;181;land;false;plains;1
1768;215;71;241;land;true;plains;1
1769;0;71;159;land;false;plains;1
1770;167;28;175;land;false;plains;1
1771;118;255;93;land;false;plains;1
1772;206;106;209;land;true;plains;1
1773;96;4;103;land;false;plains;1
1774;36;241;99;land;false;plains;1
1775;148;90;49;land;true;plains;1
1776;254;124;190;land;true;plains;1
1777;3;222;222;sea;false;ocean;1
1778;168;166;24;sea;false;ocean;1
1779;132;116;224;land;true;plains;1
1780;154;131;204;land;true;plains;1
1781;236;19;74;land;false;plains;1
1782;151;242;150;land;false;plains;1
1783;198;209;86;land;false;plains;1
1784;250;233;186;land;false;plains;1
1785;226;144;109;land;false;plains;1
1786;73;247;247;land;true;plains;1
1787;141;120;95;sea;false;ocean;1
1788;84;69;2;land;false;plains;1
1789;113;190;103;land;false;plains;1
1790;102;247;154;land;false;plains;1
1791;110;44;208;land;true;plains;1
1792;95;81;118;land;false;plains;1
1793;245;20;154;land;false;plains;1
1794;48;6;246;land;false;plains;1
1795;221;133;240;land;false;plains;1
1796;106;17;207;sea;false;ocean;1
1797;159;32;232;land;false;plains;1
1798;96;68;226;land;false;plains;1
1799;4;153;126;land;false;plains;1
1800;250;165;107;land;false;plains;1
1801;210;87;15;land;false;plains;1
1802;250;35;61;land;true;plains;1
1803;203;192;32;land;false;plains;1
1804;1;28;99;land;false;plains;1
1805;239;121;150;land;false;plains;1
1806;150;96;139;land;true;plains;1
1807;131;52;243;land;true;plains;1
1808;129;199;199;land;false;plains;1
1809;8;109;39;land;false;plains;1
1810;132;240;183;land;true;plains;1
1811;172;175;86;land;true;plains;1
1812;33;106;225;land;false;plains;1
1813;190;213;168;land;false;plains;1
1814;35;188;133;land;false;plains;1
1815;143;142;150;land;true;plains;1
1816;155;134;13;land;true;plains;1
1817;189;112;214;sea;false;ocean;1
1818;101;188;191;sea;false;ocean;1
1819;112;132;247;sea;false;ocean;1
1820;21;66;47;land;false;plains;1
1821;1;18;126;land;false;plains;1
1822;51;159;234;sea;false;ocean;1
1823;39;222;87;sea;false;ocean;1
1824;52;244;249;land;false;plains;1
1825;146;7;163;land;false;plains;1
1826;15;160;164;sea;false;ocean;1
1827;202;59;85;land;false;plains;1
1828;234;202;133;land;false;plains;1
1829;121;65;107;land;false;plains;1
1830;124;199;165;land;false;plains;1
1831;228;9;190;land;true;plains;1
1832;194;122;253;land;true;plains;1
1833;206;18;225;land;true;plains;1
1834;198;170;180;land;false;plains;1
1835;24;152;138;land;false;plains;1
1836;254;120;5;land;true;plains;1
1837;161;15;254;land;false;plains;1
1838;237;27;64;land;false;plains;1
1839;98;249;137;land;false;plains;1
1840;137;26;137;sea;false;ocean;1
1841;17;244;78;sea;false;ocean;1
1842;93;154;132;land;false;plains;1
1843;158;23;87;land;true;plains;1
1844;44;3;238;land;false;plains;1
1845;93;208;10;sea;false;ocean;1
1846;27;231;231;land;false;plains;1
1847;217;8;82;land;false;plains;1
1848;191;48;87;land;false;plains;1
1849;196;248;226;land;false;plains;1
1850;39;64;75;land;false;plains;1
1851;201;115;187;sea;false;ocean;1
1852;157;240;250;land;false;plains;1
1853;160;90;67;land;false;plains;1
1854;159;72;165;land;true;plains;1
1855;189;22;88;land;false;plains;1
1856;70;102;136;land;true;plains;1
1857;43;238;239;land;false;plains;1
1858;35;243;114;land;true;plains;1
1859;213;124;38;land;false;plains;1
1860;69;71;99;land;false;plains;1
1861;203;108;218;land;false;plains;1
1862;99;71;252;land;false;plains;1
1863;24;162;33;land;true;plains;1
1864;230;79;29;sea;false;ocean;1
1865;61;249;48;sea;false;ocean;1
1866;152;246;92;land;false;plains;1
1867;205;205;10;land;false;plains;1
1868;89;109;254;land;false;plains;1
1869;106;182;218;land;false;plains;1
1870;12;71;80;land;true;plains;1
1871;193;114;133;land;true;plains;1
1872;124;134;74;land;false;plains;1
1873;62;75;219;land;true;plains;1
1874;179;79;56;land;false;plains;1
1875;193;116;245;sea;false;ocean;1
1876;236;241;157;land;false;plains;1
1877;237;149;241;sea;false;ocean;1
1878;39;93;153;land;true;plains;1
1879;128;244;137;land;true;plains;1
1880;146;252;8;land;false;plains;1
1881;206;188;123;land;true;plains;1
1882;118;66;121;land;false;plains;1
1883;22;48;17;land;true;plains;1
1884;183;155;71;land;true;plains;1
1885;221;123;155;land;true;plains;1
1886;39;203;10;sea;false;ocean;1
1887;240;248;85;land;false;plains;1
1888;43;24;156;land;false;plains;1
1889;198;128;252;land;false;plains;1
1890;35;66;248;land;false;plains;1
1891;92;243;225;land;true;plains;1
1892;220;84;114;land;true;plains;1
1893;58;28;0;land;true;plains;1
1894;72;54;254;land;true;plains;1
1895;129;182;171;sea;false;ocean;1
1896;108;41;170;sea;false;ocean;1
1897;228;105;234;land;true;plains;1
1898;54;21;149;sea;false;ocean;1
1899;105;203;181;land;false;plains;1
1900;120;72;160;land;false;plains;1
1901;184;104;30;sea;false;ocean;1
1902;89;118;81;sea;false;ocean;1
1903;211;116;25;land;false;plains;1
1904;125;37;103;sea;false;ocean;1
1905;172;54;118;land;false;plains;1
1906;247;187;206;land;true;plains;1
1907;253;233;23;sea;false;ocean;1
1908;165;95;207;land;false;plains;1
1909;253;249;63;land;true;plains;1
1910;241;237;93;land;false;plains;1
1911;104;154;91;land;true;plains;1
1912;216;28;198;land;true;plains;1
1913;210;86;126;land;true;plains;1
1914;50;65;172;land;true;plains;1
1915;106;80;7;land;false;plains;1
1916;4;54;243;land;true;plains;1
1917;226;209;153;land;false;plains;1
1918;21;158;218;land;true;plains;1
1919;32;195;235;land;false;plains;1
1920;65;79;115;sea;false;ocean;1
1921;74;184;208;land;false;plains;1
1922;145;10;204;land;false;plains;1
1923;50;212;89;land;false;plains;1
1924;122;98;235;land;false;plains;1
1925;4;27;108;land;false;plains;1
1926;138;65;102;land;false;plains;1
1927;168;67;73;land;false;plains;1
1928;46;181;163;land;false;plains;1
1929;244;138;127;land;true;plains;1
1930;116;47;101;land;false;plains;1
1931;0;233;57;land;false;plains;1
1932;227;209;234;land;false;plains;1
1933;83;179;222;land;false;plains;1
1934;79;107;221;land;true;plains;1
1935;211;47;213;land;true;plains;1
1936;65;34;21;land;false;plains;1
1937;26;90;111;sea;false;ocean;1
1938;38;241;167;land;true;plains;1
1939;69;250;1;sea;false;ocean;1
1940;241;50;254;land;true;plains;1
1941;22;244;199;land;false;plains;1
1942;233;179;48;sea;false;ocean;1
1943;233;223;27;land;true;plains;1
1944;178;217;26;land;false;plains;1
1945;124;128;44;land;true;plains;1
1946;195;170;219;sea;false;ocean;1
1947;73;151;173;land;false;plains;1
1948;72;31;134;land;false;plains;1
1949;90;215;149;land;true;plains;1
1950;50;71;179;land;false;plains;1
1951;242;204;35;land;false;plains;1
1952;147;102;75;land;true;plains;1
1953;152;69;151;land;false;plains;1
1954;67;114;20;land;true;plains;1
1955;91;168;167;sea;false;ocean;1
1956;61;215;183;land;true;plains;1
1957;186;109;94;land;false;plains;1
1958;104;93;219;land;false;plains;1
1959;204;243;22;land;true;plains;1
1960;224;61;115;land;false;plains;1
1961;80;135;108;land;false;plains;1
1962;115;230;28;land;false;plains;1
1963;165;186;59;land;true;plains;1
1964;187;179;195;land;true;plains;1
1965;6;106;196;land;false;plains;1
1966;98;235;11;land;false;plains;1
1967;108;218;188;land;false;plains;1
1968;206;148;165;land;false;plains;1
1969;209;206;125;land;false;plains;1
1970;158;240;60;land;true;plains;1
1971;35;142;171;sea;false;ocean;1
1972;199;78;220;land;false;plains;1
1973;137;163;234;land;false;plains;1
1974;43;204;144;land;false;plains;1
1975;24;75;23;land;false;plains;1
1976;164;10;193;land;false;plains;1
1977;25;87;50;land;false;plains;1
1978;105;122;57;sea;false;ocean;1
1979;182;61;164;land;true;plains;1
1980;160;135;154;land;false;plains;1
1981;27;14;31;sea;false;ocean;1
1982;247;212;209;land;false;plains;1
1983;121;10;206;land;false;plains;1
1984;201;177;219;land;false;plains;1
1985;204;95;110;land;false;plains;1
1986;85;151;28;land;true;plains;1
1987;27;2;93;land;true;plains;1
1988;122;19;184;land;false;plains;1
1989;104;79;0;land;false;plains;1
1990;115;55;174;land;false;plains;1
1991;204;10;176;land;false;plains;1
1992;77;201;255;land;false;plains;1
1993;74;0;151;land;false;plains;1
1994;241;71;65;land;true;plains;1
1995;224;122;21;land;true;plains;1
1996;55;49;248;sea;false;ocean;1
1997;70;179;206;land;true;plains;1
1998;35;174;112;land;false;plains;1
1999;201;71;155;land;false;plains;1
2000;25;64;227;land;true;plains;1
2001;252;77;19;land;false;plains;1
2002;163;208;111;land;true;plains;1
2003;119;73;168;land;false;plains;1
2004;246;99;231;sea;false;ocean;1
2005;127;145;73;land;false;plains;1
2006;244;205;233;land;false;plains;1
2007;234;243;99;sea;false;ocean;1
2008;85;79;61;sea;false;ocean;1
2009;184;166;120;land;false;plains;1
2010;93;90;153;land;false;plains;1
2011;81;96;132;land;true;plains;1
2012;52;99;229;land;false;plains;1
2013;76;110;100;sea;false;ocean;1
2014;241;136;196;land;true;plains;1
2015;187;195;220;land;false;plains;1
2016;116;102;234;land;true;plains;1
2017;250;248;30;land;true;plains;1
2018;176;38;50;land;false;plains;1
2019;130;81;4;land;true;plains;1
2020;2;64;70;land;true;plains;1
2021;242;16;152;land;false;plains;1
2022;4;49;1;land;false;plains;1
2023;97;59;150;land;true;plains;1
2024;151;96;73;land;true;plains;1
2025;23;50;42;sea;false;ocean;1
2026;239;217;212;land;true;plains;1
2027;188;124;233;land;true;plains;1
2028;183;223;228;sea;false;ocean;1
2029;2;156;12;land;true;plains;1
2030;59;68;61;land;true;plains;1
2031;4;94;204;land;false;plains;1
2032;240;165;119;land;false;plains;1
2033;158;193;223;land;true;plains;1
2034;40;119;86;land;false;plains;1
2035;0;206;225;land;false;plains;1
2036;138;94;108;land;false;plains;1
2037;249;75;181;sea;false;ocean;1
2038;216;239;16;land;true;plains;1
2039;114;63;38;land;false;plains;1
2040;224;171;250;land;true;plains;1
2041;38;219;27;land;true;plains;1
2042;220;62;223;land;true;plains;1
2043;236;146;50;land;false;plains;1
2044;11;100;219;land;false;plains;1
2045;137;48;23;sea;false;ocean;1
2046;149;108;139;land;true;plains;1
2047;168;129;51;land;true;plains;1
2048;139;220;70;sea;false;ocean;1
2049;212;193;160;sea;false;ocean;1
2050;239;84;185;land;false;plains;1
2051;187;167;239;land;false;plains;1
2052;31;167;80;land;true;plains;1
2053;210;183;48;land;false;plains;1
2054;185;164;116;sea;false;ocean;1
2055;208;89;176;land;false;plains;1
2056;102;190;183;land;false;plains;1
2057;31;142;205;land;true;plains;1
2058;110;104;234;land;false;plains;1
2059;163;22;249;land;true;plains;1
2060;59;58;0;land;true;plains;1
2061;177;77;250;land;false;plains;1
2062;46;202;179;land;true;plains;1
2063;232;54;48;land;true;plains;1
2064;8;23;130;land;false;plains;1
2065;205;241;242;land;true;plains;1
2066;159;69;175;land;true;plains;1
2067;106;198;241;land;true;plains;1
2068;21;100;168;land;true;plains;1
2069;35;142;55;land;true;plains;1
2070;155;11;104;land;true;plains;1
2071;60;209;169;land;false;plains;1
2072;85;69;113;land;false;plains;1
2073;233;198;58;sea;false;ocean;1
2074;144;242;97;land;true;plains;1
2075;147;118;69;land;true;plains;1
2076;176;193;153;sea;false;ocean;1
2077;130;62;42;sea;false;ocean;1
2078;126;171;175;land;true;plains;1
2079;227;69;239;land;true;plains;1
2080;50;241;138;land;true;plains;1
2081;48;61;223;land;true;plains;1
2082;91;212;6;land;true;plains;1
2083;46;149;3;land;false;plains;1
2084;144;18;136;sea;false;ocean;1
2085;11;247;104;land;false;plains;1
2086;104;244;118;land;false;plains;1
2087;94;157;120;sea;false;ocean;1
2088;44;32;202;land;true;plains;1
2089;8;14;236;sea;false;ocean;1
2090;2;45;218;land;true;plains;1
2091;33;53;72;land;true;plains;1
2092;20;75;52;land;true;plains;1
2093;116;26;236;land;false;plains;1
2094;125;229;64;land;true;plains;1
2095;147;159;142;land;true;plains;1
2096;197;231;196;land;true;plains;1
2097;58;147;17;land;false;plains;1
2098;138;53;71;sea;false;ocean;1
2099;141;27;133;land;true;plains;1
2100;255;162;176;land;true;plains;1
2101;51;112;93;land;false;plains;1
2102;235;177;199;land;true;plains;1
2103;205;227;179;land;true;plains;1
2104;150;215;202;land;true;plains;1
2105;60;254;63;land;true;plains;1
2106;84;136;152;land;true;plains;1
2107;98;11;221;sea;false;ocean;1
2108;24;206;117;land;false;plains;1
2109;253;171;113;land;true;plains;1
2110;169;14;32;sea;false;ocean;1
2111;90;76;218;land;true;plains;1
2112;118;176;60;land;true;plains;1
2113;205;248;120;land;false;plains;1
2114;54;83;180;land;true;plains;1
2115;51;199;147;land;false;plains;1
2116;136;52;79;sea;false;ocean;1
2117;203;33;104;sea;false;ocean;1
2118;185;28;171;land;true;plains;1
2119;254;50;188;land;false;plains;1
2120;223;232;90;sea;false;ocean;1
2121;238;234;105;land;true;plains;1
2122;80;195;127;land;true;plains;1
2123;66;168;25;land;true;plains;1
2124;85;14;39;sea;false;ocean;1
2125;84;121;14;land;true;plains;1
2126;196;99;16;sea;false;ocean;1
2127;70;167;17;land;true;plains;1
2128;189;152;37;land;true;plains;1
2129;203;247;176;sea;false;ocean;1
2130;254;194;94;land;true;plains;1
2131;133;119;36;land;true;plains;1
2132;205;140;36;land;true;plains;1
2133;151;141;139;land;false;plains;1
2134;102;195;156;land;true;plains;1
2135;172;135;205;sea;false;ocean;1
2136;245;13;51;sea;false;ocean;1
2137;233;196;216;sea;false;ocean;1
2138;200;136;10;land;true;plains;1
2139;54;105;176;land;true;plains;1
2140;16;194;112;land;true;plains;1
2141;188;43;67;land;false;plains;1
2142;38;143;186;sea;false;ocean;1
2143;207;72;15;land;true;plains;1
2144;196;196;150;land;true;plains;1
2145;239;80;38;land;true;plains;1
2146;63;221;14;land;true;plains;1
2147;227;205;219;land;true;plains;1
2148;152;45;151;sea;false;ocean;1
2149;67;9;50;land;true;plains;1
2150;183;108;193;land;true;plains;1
2151;195;30;108;sea;false;ocean;1
2152;241;248;241;land;true;plains;1
2153;67;35;68;land;true;plains;1
2154;237;134;82;land;true;plains;1
2155;248;154;116;sea;false;ocean;1
2156;114;254;147;land;false;plains;1
2157;233;118;65;land;true;plains;1
2158;195;251;43;land;true;plains;1
2159;115;163;137;land;true;plains;1
2160;205;255;53;land;false;plains;1
2161;104;183;123;sea;false;ocean;1
2162;235;187;136;sea;false;ocean;1
2163;180;25;12;land;true;plains;1
2164;117;65;222;sea;false;ocean;1
2165;145;169;112;land;true;plains;1
2166;112;158;107;sea;false;ocean;1
2167;13;59;33;land;true;plains;1
2168;206;18;242;land;false;plains;1
2169;2;163;219;land;true;plains;1
2170;95;214;122;sea;false;ocean;1
2171;238;9;48;land;false;plains;1
2172;49;78;113;land;true;plains;1
2173;246;213;151;land;true;plains;1
2174;9;0;3;land;false;plains;1
2175;81;99;121;sea;false;ocean;1
2176;87;236;161;sea;false;ocean;1
2177;27;208;245;land;true;plains;1
2178;63;238;201;sea;false;ocean;1
2179;35;175;10;sea;false;ocean;1
2180;40;227;97;land;false;plains;1
2181;224;223;5;land;false;plains;1
2182;172;185;244;sea;false;ocean;1
2183;167;246;208;sea;false;ocean;1
2184;154;36;232;land;false;plains;1
2185;98;109;102;land;true;plains;1
2186;209;30;103;sea;false;ocean;1
2187;153;124;219;sea;false;ocean;1
2188;140;204;68;sea;false;ocean;1
2189;105;11;7;sea;false;ocean;1
2190;18;125;168;land;true;plains;1
2191;141;224;170;sea;false;ocean;1
2192;84;44;88;land;false;plains;1
2193;160;50;252;land;true;plains;1
2194;92;196;151;land;false;plains;1
2195;16;53;90;land;false;plains;1
2196;167;62;185;land;true;plains;1
2197;228;170;84;land;false;plains;1
2198;238;30;247;land;true;plains;1
2199;239;163;56;sea;false;ocean;1
2200;42;193;10;land;true;plains;1
2201;214;191;15;sea;false;ocean;1
2202;214;170;175;sea;false;ocean;1
2203;33;33;98;sea;false;ocean;1
2204;123;63;242;land;true;plains;1
2205;78;186;185;land;false;plains;1
2206;110;11;230;sea;false;ocean;1
2207;120;204;186;land;false;plains;1
2208;176;149;115;sea;false;ocean;1
2209;73;220;180;land;false;plains;1
2210;139;143;252;sea;false;ocean;1
2211;163;228;218;land;false;plains;1
2212;166;225;182;sea;false;ocean;1
2213;43;127;207;land;true;plains;1
2214;79;86;136;land;false;plains;1
2215;243;14;196;sea;false;ocean;1
2216;31;134;66;land;true;plains;1
2217;235;20;20;sea;false;ocean;1
2218;16;75;251;sea;false;ocean;1
2219;175;141;15;sea;false;ocean;1
2220;60;74;20;land;true;plains;1
2221;177;95;42;sea;false;ocean;1
2222;68;139;48;sea;false;ocean;1
2223;144;241;34;sea;false;ocean;1
2224;222;43;216;sea;false;ocean;1
2225;184;14;48;land;true;plains;1
2226;119;29;141;sea;false;ocean;1
2227;68;78;53;land;true;plains;1
2228;107;55;194;sea;false;ocean;1
2229;113;76;25;sea;false;ocean;1
2230;243;213;65;sea;false;ocean;1
2231;219;101;238;sea;false;ocean;1
2232;88;121;58;sea;false;ocean;1
2233;43;205;249;sea;false;ocean;1
2234;100;13;15;sea;false;ocean;1
2235;227;112;6;sea;false;ocean;1
2236;170;49;54;sea;false;ocean;1
2237;189;206;171;sea;false;ocean;1
2238;59;59;108;sea;false;ocean;1
2239;125;140;125;sea;false;ocean;1
2240;94;219;12;sea;false;ocean;1
2241;191;140;250;sea;false;ocean;1
2242;6;254;129;sea;false;ocean;1